{
    "Author": "ThunderCls",
    "Bugreport": "https://github.com/ThunderCls/xHotSpots/issues",
    "CompressedSize": 88221,
    "Convert": [
        {
            "Action": "copy_file",
            "Path": "x32/plugins/xHotSpots.dp32",
            "Pattern": "xHotSpots.dp32"
        },
        {
            "Action": "copy_file",
            "Path": "x64/plugins/xHotSpots.dp64",
            "Pattern": "xHotSpots.dp64"
        }
    ],
    "Date": "2018-01-19",
    "Download": [
        {
            "Src": "https://github.com/ThunderCls/xHotSpots/releases/download/1.0.0/xHotSpots.dp32"
        },
        {
            "Src": "https://github.com/ThunderCls/xHotSpots/releases/download/1.0.0/xHotSpots.dp64"
        }
    ],
    "Github": "https://github.com/ThunderCls/xHotSpots",
    "Info": "This is the new plugin rewrite based on the deprecated MagicPoints.",
    "Install": [
        {
            "Action": "make_directory",
            "Path": "x32"
        },
        {
            "Action": "make_directory",
            "Path": "x32/plugins"
        },
        {
            "Action": "make_directory",
            "Path": "x64"
        },
        {
            "Action": "make_directory",
            "Path": "x64/plugins"
        },
        {
            "Action": "copy_file",
            "Path": "x32/plugins/xHotSpots.dp32",
            "SHA1": "d92c0b675b5c2325b6b8215ce70ae32499d9ab08"
        },
        {
            "Action": "copy_file",
            "Path": "x64/plugins/xHotSpots.dp64",
            "SHA1": "f0e20c50ed4112d73f805fda4994deace47923a8"
        }
    ],
    "Is32": true,
    "Is64": true,
    "Name": "xHotSpots",
    "Remove": [
        {
            "Action": "remove_file",
            "Path": "x32/plugins/xHotSpots.dp32"
        },
        {
            "Action": "remove_file",
            "Path": "x64/plugins/xHotSpots.dp64"
        },
        {
            "Action": "remove_directory_if_empty",
            "Path": "x64/plugins"
        },
        {
            "Action": "remove_directory_if_empty",
            "Path": "x64"
        },
        {
            "Action": "remove_directory_if_empty",
            "Path": "x32/plugins"
        },
        {
            "Action": "remove_directory_if_empty",
            "Path": "x32"
        }
    ],
    "Size": 698368,
    "Src": "xHotSpots.x64dbg.zip",
    "Version": "1.0.0"
}
