{
    "Author": "Vicshann",
    "Bugreport": "https://github.com/Vicshann/GhostDbg/issues",
    "CompressedSize": 267861,
    "Convert": [
        {
            "Action": "unpack_file",
            "Path": "x32/plugins/GhostDbg.dp32",
            "Pattern": "GhostDbg.zip",
            "Src": "GhostDbg.dp32"
        },
        {
            "Action": "unpack_file",
            "Path": "x64/plugins/GhostDbg.dp64",
            "Pattern": "GhostDbg.zip",
            "Src": "GhostDbg.dp64"
        },
        {
            "Action": "unpack_file",
            "Path": "x32/plugins/injlib.dll",
            "Pattern": "GhostDbg.zip",
            "Src": "GInjerDll/x32/injlib.dll"
        },
        {
            "Action": "unpack_file",
            "Path": "x64/plugins/injlib.dll",
            "Pattern": "GhostDbg.zip",
            "Src": "GInjerDll/x64/injlib.dll"
        }
    ],
    "Date": "2020-05-02",
    "Download": [
        {
            "Src": "https://github.com/Vicshann/GhostDbg/releases/download/2.0.0/GhostDbg.zip"
        }
    ],
    "Github": "https://github.com/Vicshann/GhostDbg",
    "Info": "Noninvasive debugging plugin for x64dbg.",
    "Install": [
        {
            "Action": "make_directory",
            "Path": "x32"
        },
        {
            "Action": "make_directory",
            "Path": "x32/plugins"
        },
        {
            "Action": "make_directory",
            "Path": "x64"
        },
        {
            "Action": "make_directory",
            "Path": "x64/plugins"
        },
        {
            "Action": "copy_file",
            "Path": "x32/plugins/GhostDbg.dp32",
            "SHA1": "f2485b241e43ab3bccb896ddbdd487786d0d1b48"
        },
        {
            "Action": "copy_file",
            "Path": "x32/plugins/injlib.dll",
            "SHA1": "e8fdf18723bb658e08da83d6fc339ee66a3aaba3"
        },
        {
            "Action": "copy_file",
            "Path": "x64/plugins/GhostDbg.dp64",
            "SHA1": "f6d2a97882bb4c5d75960de098f21af0d68ad2ac"
        },
        {
            "Action": "copy_file",
            "Path": "x64/plugins/injlib.dll",
            "SHA1": "4bec5f83ab15f664eec3a7d251995d8d3ab44b8b"
        }
    ],
    "Is32": true,
    "Is64": true,
    "Name": "GhostDbg",
    "Remove": [
        {
            "Action": "remove_file",
            "Path": "x32/plugins/GhostDbg.dp32"
        },
        {
            "Action": "remove_file",
            "Path": "x32/plugins/injlib.dll"
        },
        {
            "Action": "remove_file",
            "Path": "x64/plugins/GhostDbg.dp64"
        },
        {
            "Action": "remove_file",
            "Path": "x64/plugins/injlib.dll"
        },
        {
            "Action": "remove_directory_if_empty",
            "Path": "x64/plugins"
        },
        {
            "Action": "remove_directory_if_empty",
            "Path": "x64"
        },
        {
            "Action": "remove_directory_if_empty",
            "Path": "x32/plugins"
        },
        {
            "Action": "remove_directory_if_empty",
            "Path": "x32"
        }
    ],
    "Size": 537600,
    "Src": "GhostDbg.x64dbg.zip",
    "Version": "2.0.0"
}
