{
    "Author": "mrfearless",
    "Bugreport": "https://github.com/mrfearless/Today-Plugin-x86/issues",
    "CompressedSize": 121978,
    "Convert": [
        {
            "Action": "unpack_file",
            "Path": "docs/Today_x86/APISearch-readme.txt",
            "Pattern": "Today-x86-Plugin.zip",
            "Src": "Today-readme.txt"
        },
        {
            "Action": "unpack_file",
            "Path": "x32/plugins/Today.dp32",
            "Pattern": "Today-x86-Plugin.zip",
            "Src": "Today.dp32"
        }
    ],
    "Date": "2017-05-01",
    "Download": [
        {
            "Src": "https://github.com/mrfearless/Today-Plugin-x86/releases/download/1.0.0.X/Today-x86-Plugin.zip"
        }
    ],
    "Github": "https://github.com/mrfearless/Today-Plugin-x86",
    "Info": "An x86 plugin to lists days of interest: national, commemorative, awareness or international observance days.",
    "Install": [
        {
            "Action": "make_directory",
            "Path": "docs"
        },
        {
            "Action": "make_directory",
            "Path": "docs/Today_x86"
        },
        {
            "Action": "make_directory",
            "Path": "x32"
        },
        {
            "Action": "make_directory",
            "Path": "x32/plugins"
        },
        {
            "Action": "copy_file",
            "Path": "docs/Today_x86/APISearch-readme.txt",
            "SHA1": "2b5c14d4c72b9728e2b4b5ba65983cf4f9794cad"
        },
        {
            "Action": "copy_file",
            "Path": "x32/plugins/Today.dp32",
            "SHA1": "5bf76596634751e0738209257936e521920a581b"
        }
    ],
    "Is32": true,
    "Is64": false,
    "Name": "Today_x86",
    "Remove": [
        {
            "Action": "remove_file",
            "Path": "docs/Today_x86/APISearch-readme.txt"
        },
        {
            "Action": "remove_file",
            "Path": "x32/plugins/Today.dp32"
        },
        {
            "Action": "remove_directory_if_empty",
            "Path": "x32/plugins"
        },
        {
            "Action": "remove_directory_if_empty",
            "Path": "x32"
        },
        {
            "Action": "remove_directory_if_empty",
            "Path": "docs/Today_x86"
        },
        {
            "Action": "remove_directory_if_empty",
            "Path": "docs"
        }
    ],
    "Size": 529550,
    "Src": "Today_x86.x64dbg.zip",
    "Version": "1.0.0.X"
}
