{
    "Author": "klks",
    "Bugreport": "https://github.com/klks/checksec/issues",
    "CompressedSize": 228146,
    "Convert": [
        {
            "Action": "copy_file",
            "Path": "x32/plugins/checksec.dp32",
            "Pattern": "Checksec_v0.1",
            "Src": "Checksec_v0.1/checksec.dp32"
        },
        {
            "Action": "copy_file",
            "Path": "x64/plugins/checksec.dp64",
            "Pattern": "Checksec_v0.1",
            "Src": "Checksec_v0.1/checksec.dp64"
        }
    ],
    "Date": "2017-03-26",
    "Download": [
        {
            "Src": "https://github.com/klks/checksec/releases/download/20170327/Checksec_v0.1.zip"
        }
    ],
    "Github": "https://github.com/klks/checksec",
    "Info": "Plugin checks modules for security features enabled such as SafeSEH/GS/DEP/ASLR/CFG.",
    "Install": [
        {
            "Action": "make_directory",
            "Path": "x32"
        },
        {
            "Action": "make_directory",
            "Path": "x32/plugins"
        },
        {
            "Action": "make_directory",
            "Path": "x64"
        },
        {
            "Action": "make_directory",
            "Path": "x64/plugins"
        },
        {
            "Action": "copy_file",
            "Path": "x32/plugins/checksec.dp32",
            "SHA1": "9a94e5a7d24fbe8b0c3efb1e5cf1bd22f7e04086"
        },
        {
            "Action": "copy_file",
            "Path": "x64/plugins/checksec.dp64",
            "SHA1": "9a94e5a7d24fbe8b0c3efb1e5cf1bd22f7e04086"
        }
    ],
    "Is32": true,
    "Is64": true,
    "Name": "checksec",
    "Remove": [
        {
            "Action": "remove_file",
            "Path": "x32/plugins/checksec.dp32"
        },
        {
            "Action": "remove_file",
            "Path": "x64/plugins/checksec.dp64"
        },
        {
            "Action": "remove_directory_if_empty",
            "Path": "x64/plugins"
        },
        {
            "Action": "remove_directory_if_empty",
            "Path": "x64"
        },
        {
            "Action": "remove_directory_if_empty",
            "Path": "x32/plugins"
        },
        {
            "Action": "remove_directory_if_empty",
            "Path": "x32"
        }
    ],
    "Size": 228354,
    "Src": "checksec.x64dbg.zip",
    "Version": "20170327"
}
