{
    "Author": "mrfearless",
    "Bugreport": "https://github.com/mrfearless/CopyToAsm-Plugin-x64/issues",
    "CompressedSize": 0,
    "Convert": [
        {
            "Action": "unpack_file",
            "Path": "docs/CopyToAsm_x64/CopyToAsm-readme.txt",
            "Pattern": "CopyToAsm-x64-Plugin.zip",
            "Src": "CopyToAsm-readme.txt"
        },
        {
            "Action": "unpack_file",
            "Path": "x64/plugins/CopyToAsm.dp64",
            "Pattern": "CopyToAsm-x64-Plugin.zip",
            "Src": "CopyToAsm.dp64"
        }
    ],
    "Date": "2018-01-29",
    "Download": [
        {
            "Src": "https://github.com/mrfearless/CopyToAsm-Plugin-x64/blob/master/release/CopyToAsm-x64-Plugin.zip?raw=true"
        }
    ],
    "Github": "https://github.com/mrfearless/CopyToAsm-Plugin-x64",
    "Info": "An x64 plugin to copy a selected disassembly range in the x64dbg cpu view tab and convert to a assembler style code and output to clipboard or the reference view tab.",
    "Install": [
    ],
    "Is32": true,
    "Is64": false,
    "Name": "CopyToAsm_x64",
    "Remove": [
    ],
    "Size": 0,
    "Src": "CopyToAsm_x64.x64dbg.zip",
    "Version": "1.0.0.X"
}
