{
    "Author": "phiDel",
    "Bugreport": "https://github.com/phiDelPark/x64DbgPlugins/issues",
    "CompressedSize": 58222,
    "Date": "2020-01-29",
    "Info": "Show bookmarks, labels, comments in the stack window.",
    "Install": [
        {
            "Action": "make_directory",
            "Path": "x32"
        },
        {
            "Action": "make_directory",
            "Path": "x32/plugins"
        },
        {
            "Action": "make_directory",
            "Path": "x64"
        },
        {
            "Action": "make_directory",
            "Path": "x64/plugins"
        },
        {
            "Action": "copy_file",
            "Path": "x32/plugins/EasyLabelView.dp32",
            "SHA1": "77ad0f2f7c151c1d9675823823a0e0a26f10418d"
        },
        {
            "Action": "copy_file",
            "Path": "x64/plugins/EasyLabelView.dp64",
            "SHA1": "d3fd55e6ea80ab2eb9b250665c63e0174d80993b"
        }
    ],
    "Is32": true,
    "Is64": true,
    "Name": "EasyLabelView",
    "Remove": [
        {
            "Action": "remove_file",
            "Path": "x32/plugins/EasyLabelView.dp32"
        },
        {
            "Action": "remove_file",
            "Path": "x64/plugins/EasyLabelView.dp64"
        },
        {
            "Action": "remove_directory_if_empty",
            "Path": "x64/plugins"
        },
        {
            "Action": "remove_directory_if_empty",
            "Path": "x64"
        },
        {
            "Action": "remove_directory_if_empty",
            "Path": "x32/plugins"
        },
        {
            "Action": "remove_directory_if_empty",
            "Path": "x32"
        }
    ],
    "Size": 151552,
    "Src": "EasyLabelView.x64dbg.zip",
    "Version": ""
}
