{
    "Author": "mrfearless",
    "Bugreport": "https://github.com/mrfearless/Today-Plugin-x64/issues",
    "CompressedSize": 119084,
    "Convert": [
        {
            "Action": "unpack_file",
            "Path": "docs/Today_x64/APISearch-readme.txt",
            "Pattern": "Today-x64-Plugin.zip",
            "Src": "Today-readme.txt"
        },
        {
            "Action": "unpack_file",
            "Path": "x64/plugins/Today.dp64",
            "Pattern": "Today-x64-Plugin.zip",
            "Src": "Today.dp64"
        }
    ],
    "Date": "2017-05-01",
    "Download": [
        {
            "Src": "https://github.com/mrfearless/Today-Plugin-x64/releases/download/1.0.0.X/Today-x64-Plugin.zip"
        }
    ],
    "Github": "https://github.com/mrfearless/Today-Plugin-x64",
    "Info": "An x64 plugin to lists days of interest: national, commemorative, awareness or international observance days.",
    "Install": [
        {
            "Action": "make_directory",
            "Path": "docs"
        },
        {
            "Action": "make_directory",
            "Path": "docs/Today_x64"
        },
        {
            "Action": "make_directory",
            "Path": "x64"
        },
        {
            "Action": "make_directory",
            "Path": "x64/plugins"
        },
        {
            "Action": "copy_file",
            "Path": "docs/Today_x64/APISearch-readme.txt",
            "SHA1": "8b5fd7e695f0755cfd13fbc7e4114ccdc4bef3e7"
        },
        {
            "Action": "copy_file",
            "Path": "x64/plugins/Today.dp64",
            "SHA1": "20f902e01b3c9d5a14fb77a30dbf45e9b810cfef"
        }
    ],
    "Is32": false,
    "Is64": true,
    "Name": "Today_x64",
    "Remove": [
        {
            "Action": "remove_file",
            "Path": "docs/Today_x64/APISearch-readme.txt"
        },
        {
            "Action": "remove_file",
            "Path": "x64/plugins/Today.dp64"
        },
        {
            "Action": "remove_directory_if_empty",
            "Path": "x64/plugins"
        },
        {
            "Action": "remove_directory_if_empty",
            "Path": "x64"
        },
        {
            "Action": "remove_directory_if_empty",
            "Path": "docs/Today_x64"
        },
        {
            "Action": "remove_directory_if_empty",
            "Path": "docs"
        }
    ],
    "Size": 533581,
    "Src": "Today_x64.x64dbg.zip",
    "Version": "1.0.0.X"
}
